[{"model": "courses.course", "pk": 1, "fields": {"name": "Curso de Marca Personal", "description": "Curso donde aprender\u00e1s a crear tu marca personal.", "ranking": "5.00", "badge": "badges/photo_2020-01-06_16-18-00.jpg", "created_at": "2020-04-13T23:39:14.876Z", "updated_at": "2020-04-13T23:39:14.876Z", "teachers": [1]}}, {"model": "courses.course", "pk": 2, "fields": {"name": "Curso de Prework", "description": "Curso donde aprender a configurar tu entorno de desarrollo", "ranking": "5.00", "badge": "badges/photo_2020-02-25_18-21-04.jpg", "created_at": "2020-04-13T23:39:36.795Z", "updated_at": "2020-04-13T23:39:36.795Z", "teachers": [2]}}, {"model": "courses.course", "pk": 3, "fields": {"name": "Curso de Python", "description": "Curso donde aprender\u00e1s lo b\u00e1sico de Python", "ranking": "5.00", "badge": "badges/photo_2020-02-25_18-21-04_RggWUJV.jpg", "created_at": "2020-04-13T23:39:56.385Z", "updated_at": "2020-04-13T23:39:56.385Z", "teachers": [3]}}, {"model": "courses.material", "pk": 1, "fields": {"course": 1, "title": "Introducci\u00f3n", "description": "Hablaremos sobre qu\u00e9 es la marca personal.", "is_active": true, "created_at": "2020-04-13T23:40:20.752Z", "updated_at": "2020-04-13T23:40:22.589Z"}}, {"model": "courses.material", "pk": 2, "fields": {"course": 1, "title": "Final del curso", "description": "Ya aprendiste lo que es la marca personal.", "is_active": true, "created_at": "2020-04-13T23:40:55.920Z", "updated_at": "2020-04-13T23:40:55.920Z"}}, {"model": "courses.material", "pk": 3, "fields": {"course": 2, "title": "Qu\u00e9 es la terminal?", "description": "Aprender\u00e1s sobre la herramienta fundamental de todo developer.", "is_active": true, "created_at": "2020-04-13T23:41:14.688Z", "updated_at": "2020-04-13T23:41:16.633Z"}}, {"model": "courses.material", "pk": 4, "fields": {"course": 2, "title": "C\u00f3mo crear un Pull Request?", "description": "Aprender\u00e1s c\u00f3mo trabajar profesionalmente.", "is_active": true, "created_at": "2020-04-13T23:41:34.265Z", "updated_at": "2020-04-13T23:41:35.887Z"}}, {"model": "courses.material", "pk": 5, "fields": {"course": 3, "title": "Qu\u00e9 es un algoritmo?", "description": "Lo b\u00e1sico de la programaci\u00f3n.", "is_active": true, "created_at": "2020-04-13T23:41:50.265Z", "updated_at": "2020-04-13T23:41:50.265Z"}}, {"model": "courses.material", "pk": 6, "fields": {"course": 3, "title": "Qu\u00e9 son los decoradores?", "description": "Un concepto m\u00e1s avanzado.", "is_active": true, "created_at": "2020-04-13T23:42:24.850Z", "updated_at": "2020-04-13T23:42:24.850Z"}}, {"model": "courses.teacher", "pk": 1, "fields": {"name": "Freddy Vega", "description": "Founder", "current_job": "CEO in Platzi", "created_at": "2020-04-13T23:38:13.618Z", "updated_at": "2020-04-13T23:38:17.317Z"}}, {"model": "courses.teacher", "pk": 2, "fields": {"name": "Eduard Alvarez", "description": "Backend", "current_job": "Backend @ Platzi", "created_at": "2020-04-13T23:38:28.631Z", "updated_at": "2020-04-13T23:38:28.631Z"}}, {"model": "courses.teacher", "pk": 3, "fields": {"name": "David Aroesti", "description": "Lawyer", "current_job": "Head of Education @ Platzi", "created_at": "2020-04-13T23:38:42.409Z", "updated_at": "2020-04-13T23:38:42.409Z"}}, {"model": "courses.video", "pk": 1, "fields": {"material": 1, "provider": "A", "url": "https://platzi.com/clases/", "created_at": "2020-04-13T23:42:35.574Z", "updated_at": "2020-04-13T23:42:35.574Z"}}, {"model": "courses.video", "pk": 2, "fields": {"material": 1, "provider": "B", "url": "https://platzi.com/clases/", "created_at": "2020-04-13T23:42:40.221Z", "updated_at": "2020-04-13T23:42:40.221Z"}}, {"model": "courses.video", "pk": 3, "fields": {"material": 1, "provider": "C", "url": "https://platzi.com/clases/", "created_at": "2020-04-13T23:42:46.102Z", "updated_at": "2020-04-13T23:42:46.102Z"}}, {"model": "courses.video", "pk": 4, "fields": {"material": 2, "provider": "C", "url": "https://platzi.com", "created_at": "2020-04-13T23:42:50.954Z", "updated_at": "2020-04-13T23:42:50.954Z"}}, {"model": "courses.video", "pk": 5, "fields": {"material": 2, "provider": "YouTube", "url": "https://platzi.com/clases/", "created_at": "2020-04-13T23:42:55.626Z", "updated_at": "2020-04-13T23:42:55.626Z"}}, {"model": "courses.video", "pk": 6, "fields": {"material": 3, "provider": "A", "url": "https://platzi.com/clases/", "created_at": "2020-04-13T23:42:59.705Z", "updated_at": "2020-04-13T23:42:59.705Z"}}, {"model": "courses.video", "pk": 7, "fields": {"material": 3, "provider": "C", "url": "https://platzi.com/clases/", "created_at": "2020-04-13T23:43:05.211Z", "updated_at": "2020-04-13T23:43:05.211Z"}}, {"model": "courses.video", "pk": 8, "fields": {"material": 4, "provider": "YouTube", "url": "https://platzi.com", "created_at": "2020-04-13T23:43:09.599Z", "updated_at": "2020-04-13T23:43:09.599Z"}}, {"model": "courses.video", "pk": 9, "fields": {"material": 5, "provider": "A", "url": "https://platzi.com/clases/", "created_at": "2020-04-13T23:43:15.363Z", "updated_at": "2020-04-13T23:43:15.363Z"}}, {"model": "courses.video", "pk": 10, "fields": {"material": 5, "provider": "C", "url": "https://platzi.com/clases/", "created_at": "2020-04-13T23:43:27.462Z", "updated_at": "2020-04-13T23:43:27.462Z"}}, {"model": "courses.video", "pk": 11, "fields": {"material": 5, "provider": "YouTube", "url": "https://platzi.com/clases/", "created_at": "2020-04-13T23:43:32.129Z", "updated_at": "2020-04-13T23:43:32.129Z"}}, {"model": "courses.video", "pk": 12, "fields": {"material": 6, "provider": "B", "url": "https://platzi.com", "created_at": "2020-04-13T23:43:36.872Z", "updated_at": "2020-04-13T23:43:36.872Z"}}, {"model": "courses.video", "pk": 13, "fields": {"material": 6, "provider": "YouTube", "url": "https://platzi.com/clases/", "created_at": "2020-04-13T23:43:41.546Z", "updated_at": "2020-04-13T23:43:41.546Z"}}]